ProductID,ProductName,Category,Price
1,Of Drill,Gardening Tools,382.72
2,Before Saw,Gardening Tools,498.59
3,Many Hammer,Safety Equipment,336.09
4,Understand Saw,Power Tools,169.4
5,Yard Wrench,Measuring Tools,125.05
6,Region Wrench,Safety Equipment,300.69
7,Write Drill,Gardening Tools,299.39
8,Certainly Hammer,Safety Equipment,184.37
9,Dinner Saw,Measuring Tools,472.29
10,Authority Hammer,Gardening Tools,333.73
11,Popular Saw,Safety Equipment,464.51
12,Mind Drill,Hand Tools,243.28
13,Season Saw,Safety Equipment,149.53
14,Democrat Screwdriver,Measuring Tools,107.6
15,Difference Hammer,Power Tools,143.46
16,Late Hammer,Gardening Tools,92.66
17,Color Saw,Measuring Tools,67.26
18,Send Wrench,Measuring Tools,84.93
19,Scientist Wrench,Power Tools,366.09
20,Can Screwdriver,Safety Equipment,482.42
21,Six Saw,Gardening Tools,236.76
22,Scene Saw,Hand Tools,65.3
23,Pull Saw,Hand Tools,409.11
24,World Drill,Power Tools,203.43
25,Create Screwdriver,Hand Tools,472.52
26,Character Saw,Measuring Tools,307.07
27,Either Drill,Measuring Tools,184.49
28,Degree Drill,Power Tools,25.95
29,Hit Saw,Safety Equipment,347.32
30,Discussion Hammer,Safety Equipment,111.97
31,Region Saw,Safety Equipment,44.92
32,Discuss Saw,Safety Equipment,163.81
33,Parent Wrench,Safety Equipment,381.29
34,Throw Hammer,Safety Equipment,362.27
35,Majority Screwdriver,Gardening Tools,37.2
36,Best Wrench,Gardening Tools,394.97
37,Full Screwdriver,Power Tools,236.18
38,Store Hammer,Measuring Tools,368.67
39,Dark Wrench,Gardening Tools,476.66
40,Sea Screwdriver,Power Tools,151.61
41,Production Drill,Safety Equipment,200.73
42,Democrat Wrench,Hand Tools,346.32
43,Themselves Wrench,Measuring Tools,18.27
44,Final Drill,Measuring Tools,453.71
45,Lose Drill,Gardening Tools,455.08
46,Human Screwdriver,Hand Tools,429.29
47,Ground Hammer,Safety Equipment,101.81
48,Mean Wrench,Safety Equipment,402.1
49,There Saw,Power Tools,352.85
50,Give Screwdriver,Safety Equipment,252.6
51,Career Hammer,Gardening Tools,223.5
52,Organization Wrench,Measuring Tools,325.27
53,Particular Drill,Gardening Tools,432.82
54,Drive Drill,Measuring Tools,208.4
55,Apply Saw,Safety Equipment,474.13
56,Skill Drill,Measuring Tools,49.34
57,Follow Drill,Gardening Tools,402.28
58,Generation Hammer,Hand Tools,33.11
59,Visit Drill,Safety Equipment,70.75
60,Raise Drill,Power Tools,287.85
61,Company Saw,Safety Equipment,335.6
62,Week Saw,Gardening Tools,378.41
63,This Wrench,Measuring Tools,50.18
64,Rich Screwdriver,Power Tools,80.82
65,Month Drill,Measuring Tools,61.6
66,Nor Screwdriver,Hand Tools,109.48
67,Season Wrench,Gardening Tools,109.81
68,Town Hammer,Gardening Tools,177.04
69,Dark Saw,Gardening Tools,161.7
70,True Hammer,Measuring Tools,207.45
71,Television Wrench,Hand Tools,27.59
72,Through Drill,Power Tools,334.54
73,Us Screwdriver,Power Tools,242.01
74,Something Drill,Safety Equipment,434.61
75,As Drill,Hand Tools,230.03
76,Argue Drill,Gardening Tools,496.38
77,Defense Wrench,Gardening Tools,276.89
78,Same Drill,Gardening Tools,407.17
79,Talk Wrench,Hand Tools,270.5
80,Instead Drill,Hand Tools,54.58
81,Present Screwdriver,Measuring Tools,214.5
82,Subject Saw,Safety Equipment,457.67
83,Husband Drill,Safety Equipment,174.58
84,Point Saw,Gardening Tools,272.98
85,Behavior Hammer,Gardening Tools,167.89
86,Style Hammer,Measuring Tools,448.29
87,Where Hammer,Power Tools,461.46
88,Season Drill,Gardening Tools,339.77
89,Thousand Hammer,Safety Equipment,487.67
90,Little Hammer,Safety Equipment,273.69
91,Tax Saw,Gardening Tools,313.57
92,From Wrench,Measuring Tools,287.23
93,Argue Hammer,Safety Equipment,413.02
94,Hard Hammer,Safety Equipment,215.24
95,Memory Wrench,Power Tools,71.85
96,Not Screwdriver,Hand Tools,390.09
97,Entire Saw,Hand Tools,409.39
98,Hair Screwdriver,Hand Tools,225.13
99,Change Screwdriver,Safety Equipment,29.83
100,Real Saw,Measuring Tools,144.26
